rank,country,currency_symbol,currency_symbol,local_price,gbp,eur,usd,Region,areaType,latitude,longitude,name,id,GNI per capita (current USD),GNI per capita (GBP),usd:gbp average excahnge rate 2019,Car Price / GNI per capita,affortability
51,Argentina,$,"$696,000",696000,549840,604824,696000,South America,region,-38.416097,-63.616672,Argentina,032,11130,8720.355,0.7835,63.05247894,6305.25
37,Austria,‚Ç¨,"‚Ç¨279,072",279072,253956,279072,322524,Europe,region,47.516231,14.550072,Austria,040,51390,40264.065,,6.307261823,630.73
9,Bahrain,BHD,"BHD 81,346",81346,170013,187014,215917,Asia,region,25.930414,50.637772,Bahrain,048,22170,17370.195,,9.7876276,978.76
15,Belarus,‚Ç¨,"‚Ç¨213,600",213600,194376,213600,246858,Europe,region,53.709807,27.953389,Belarus,112,6370,4990.895,,38.94612089,3894.61
22,Belgium,‚Ç¨,"‚Ç¨223,100",223100,203021,223100,257836,Europe,region,50.503887,4.469936,Belgium,056,47960,37576.66,,5.40284847,540.28
25,Bosnia and Herzegovina,KM,"436,400 KM",436400,205108,225619,260487,Europe,region,43.915886,17.679076,Bosnia and Herzegovina,070,6180,4842.03,,42.35991929,4235.99
30,Brunei,BND$,"BND$379,900",379900,216543,238197,275010,Asia,region,4.535277,114.727669,Brunei,096,32230,25252.205,,8.575211551,857.52
18,Bulgaria,BGN,"432,903 BGN",432903,199135,219049,252902,Europe,region,42.733883,25.48583,Bulgaria,100,9570,7498.095,,26.55807909,2655.81
46,Cambodia,$,"$509,000",509000,402110,442321,509000,South America,region,12.565679,104.990963,Cambodia,116,1530,1198.755,,335.4396853,33543.97
1,Canada,C$,"C$231,700",231700,136703,150373,173613,North America,region,56.130366,-106.346771,Canada,124,46460,36401.41,,3.755431452,375.54
13,Chile,$,"$239,900",239900,189521,208473,239900,South America,region,-35.675147,-71.542969,Chile,152,14990,11744.665,,16.13677359,1613.68
38,China,¬•,"¬•2,336,000",2336000,256960,282656,326339,Asia,region,35.86166,104.195397,China,156,10390,8140.565,,31.5653766,3156.54
42,Colombia,$,"$357,300",357300,282267,310494,357300,South America,region,4.570868,-74.297333,Colombia,170,6580,5155.43,,54.75139804,5475.14
21,Cyprus,‚Ç¨,"‚Ç¨221,300",221300,201383,221300,255756,Europe,region,35.126413,33.429859,Cyprus,196,27930,21883.155,,9.202649252,920.26
11,Dominican Republic,$,"$235,000",235000,185650,204215,235000,North America,region,18.735693,-70.162651,Dominican Republic,214,8100,6346.35,,29.25303521,2925.30
19,Estonia,‚Ç¨,"‚Ç¨219,360",219360,199618,219360,253514,Europe,region,58.595272,25.013607,Estonia,233,23250,18216.375,,10.95816264,1095.82
45,Finland,‚Ç¨,"‚Ç¨380,052",380052,345847,380052,439226,Europe,region,61.92411,25.748151,Finland,246,49950,39135.825,,8.837094912,883.71
20,France,‚Ç¨,"‚Ç¨221,135",221135,201233,221135,255566,Europe,region,46.227638,2.213749,France,250,42270,33118.545,,6.076142536,607.61
14,Germany,‚Ç¨,"‚Ç¨212,711",212711,193567,212711,245830,Europe,region,51.165691,10.451526,Germany,276,48550,38038.925,,5.088655897,508.87
32,Guatemala,$,"$286,700",286700,226493,249142,286700,North America,region,15.783471,-90.230759,Guatemala,320,4610,3611.935,,62.70683166,6270.68
24,Italy,‚Ç¨,"‚Ç¨224,559",224559,204349,224559,259523,Europe,region,41.87194,12.56738,Italy,380,34830,27289.305,,7.488244937,748.82
44,Jamaica,$,"$420,120",420120,331895,365084,420120,North America,region,18.109581,-77.297508,Jamaica,388,5260,4121.21,,80.53338704,8053.34
28,Japan,¬•,"¬•28,920,000",28920000,214008,235409,271790,Asia,region,36.204824,138.252924,Japan,392,41570,32570.095,,6.570690076,657.07
4,Jordan,JOD,"JOD 141,000",141000,156510,172161,198768,Asia,region,30.585164,36.238414,Jordan,400,4410,3455.235,,45.2964849,4529.65
5,Kuwait,KWD,"KWD 61,700",61700,157952,173747,200599,Asia,region,29.31166,47.481766,Kuwait,414,36290,28433.215,,5.555193108,555.52
39,Lebanon,$,"$331,300",331300,261727,287900,331300,Asia,region,33.854721,35.862285,Lebanon,422,7420,5813.57,,45.02001352,4502.00
17,Luxembourg,‚Ç¨,"‚Ç¨215,026",215026,195674,215026,248506,Europe,region,49.815273,6.129583,Luxembourg,442,73830,57845.805,,3.382682634,338.27
2,Mexico,MXN,"MXN 3,998,000",3998000,139930,153923,177711,North America,region,23.634501,-102.552784,Mexico,484,9480,7427.58,,18.83924508,1883.92
16,Moldova,‚Ç¨,"‚Ç¨215,000",215000,195650,215000,248476,Europe,region,47.411631,28.369885,Moldova,498,4580,3588.43,,54.52245132,5452.25
36,Netherlands,‚Ç¨,"‚Ç¨272,500",272500,247975,272500,314928,Europe,region,52.132633,5.291266,Netherlands,528,53180,41666.53,,5.951419521,595.14
29,New Zealand,NZ$,"NZ$407,900",407900,216187,237806,274557,Oceania,region,-40.900557,174.885971,New Zealand,554,42870,33588.645,,6.436312033,643.63
41,Norway,kr.,"kr. 3,081,900",3081900,265043,291548,336605,Europe,region,60.472024,8.468946,Norway,578,81620,63949.27,,4.144582104,414.46
7,Oman,OMR,"OMR 78,500",78500,160925,177018,204375,Asia,region,21.512583,55.923255,Oman,512,14150,11086.525,,14.51536888,1451.54
47,Pakistan,$,"$627,600",627600,495804,545384,627600,Asia,region,30.375321,69.345116,Pakistan,586,1410,1104.735,,448.7990333,44879.90
31,Panama,$,"$277,800",277800,219462,241408,277800,North America,region,8.537981,-80.782127,Panama,591,14900,11674.15,,18.79897037,1879.90
35,Portugal,‚Ç¨,"‚Ç¨266,903",266903,242882,266903,308460,Europe,region,39.399872,-8.224454,Portugal,600,23150,18138.025,,13.39076333,1339.08
40,Republic of Ireland,‚Ç¨,"‚Ç¨289,471",289471,263419,289471,334542,Europe,region,53.41291,-8.24389,Republic of Ireland,372,62950,49321.325,,5.340874358,534.09
23,Romania,‚Ç¨,"‚Ç¨224,145",224145,203972,224145,259044,Europe,region,45.943161,24.96676,Romania,642,12610,9879.935,,20.64507509,2064.51
8,Russia,‚ÇΩ,"15,450,000 ‚ÇΩ",15450000,169950,186945,215837,Asia,region,61.52401,105.318756,Russia,643,11250,8814.375,,19.28100404,1928.10
12,Saudi Arabia,SAR,"SAR 890,715",890715,187050,205755,237554,Asia,region,23.885942,45.079162,Saudi Arabia,682,22840,17895.14,,10.45255863,1045.26
50,Singapore,SGD$,"SGD$924,488",924488,526958,579654,669237,Asia,region,1.352083,103.819836,Singapore,702,58390,45748.565,,11.51856894,1151.86
10,South Korea,‚Ç©,"‚Ç©269,800,000",269800000,178068,195875,226146,Asia,region,35.907757,127.766922,South Korea,410,33790,26474.465,,6.726028269,672.60
33,Spain,‚Ç¨,"‚Ç¨249,963",249963,227466,249963,288882,Europe,region,40.463667,-3.74922,Spain,724,30340,23771.39,,9.568897738,956.89
26,Sweden,kr,"2,375,000 kr",2375000,211375,232513,268446,Europe,region,60.128161,18.643501,Sweden,752,56410,44197.235,,4.782538998,478.25
34,Switzerland,CHF,"CHF 271,600",271600,230860,253946,293192,Europe,region,46.818188,8.227512,Switzerland,756,87960,68916.66,,3.349843129,334.98
43,Taiwan,NT$,"NT$11,560,000",11560000,312120,343332,396392,Asia,region,23.69781,120.960515,Taiwan,,27371,21445.1785,,14.55432045,1455.43
48,Thailand,‡∏ø,"‡∏ø20,900,000",20900000,522500,574750,663575,Asia,region,15.870032,100.992541,Thailand,764,7260,5688.21,,91.85666493,9185.67
27,Ukraine,–≥—Ä–Ω.,"7,600,950 –≥—Ä–Ω.",7600950,212827,234109,270290,Europe,region,48.379433,31.16558,Ukraine,804,3370,2640.395,,80.60422778,8060.42
3,United Kingdom,¬£,"¬£155,970",155970,155970,171567,198082,Europe,region,55.378051,-3.435973,United Kingdom,826,42130,33008.855,,4.725095736,472.51
6,United States of America,$,"$203,500",203500,160765,176842,203500,North America,region,37.09024,-95.712891,United States,840,65910,51640.485,,3.113158213,311.32
49,Vietnam,‚Ç´,"15,430,000,000 ‚Ç´",15430000000,524620,577082,666267,Asia,region,14.058324,108.277199,Vietnam,704,2590,2029.265,,258.5271022,25852.71
